{
  "step": "week3_step3_3_seed_variance",
  "source_summary": "/home/md2503/av735/LoRA_Merging/results/statistical_significance/summary.json",
  "tasks": [
    "sst2",
    "mnli",
    "qnli",
    "cola",
    "rte"
  ],
  "seeds": [
    42,
    43,
    44
  ],
  "method_aliases": [
    "gpa_baseline",
    "ties",
    "lr_knots",
    "gpa_dgpa_saties_wb_0p5"
  ],
  "lambda_overrides": {
    "gpa_dgpa_saties_wb_0p5": 0.25
  },
  "methods": {
    "gpa_baseline": {
      "display_name": "GPA + TIES",
      "selected_method_key": "gpa_baseline",
      "hyperparameters": {
        "lambda": 0.2,
        "trim_percentage": 20,
        "drop_probability": null,
        "density": 0.8,
        "b_weight_alpha": 0.0,
        "normalise_a_factors": false,
        "scale_aware_ties": false
      },
      "average_primary_score": {
        "mean": 0.37069337774804806,
        "std": 0.0018923210479991673,
        "values": [
          0.3696058268640332,
          0.3695958720579182,
          0.37287843432219264
        ]
      },
      "tasks": {
        "sst2": {
          "metric": "accuracy",
          "mean": 0.4984709480122324,
          "std": 0.011313951519073958,
          "values": [
            0.4908256880733945,
            0.49311926605504586,
            0.5114678899082569
          ]
        },
        "mnli": {
          "metric": "accuracy",
          "mean": 0.3335031414501613,
          "std": 0.0021428142712647006,
          "values": [
            0.3357106469689251,
            0.3333672949566989,
            0.3314314824248599
          ]
        },
        "qnli": {
          "metric": "accuracy",
          "mean": 0.49441698700347797,
          "std": 0.0,
          "values": [
            0.49441698700347797,
            0.49441698700347797,
            0.49441698700347797
          ]
        },
        "cola": {
          "metric": "matthews_correlation",
          "mean": 0.0,
          "std": 0.0,
          "values": [
            0.0,
            0.0,
            0.0
          ]
        },
        "rte": {
          "metric": "accuracy",
          "mean": 0.5270758122743683,
          "std": 0.0,
          "values": [
            0.5270758122743683,
            0.5270758122743683,
            0.5270758122743683
          ]
        }
      }
    },
    "ties": {
      "display_name": "TIES-Merging",
      "selected_method_key": "ties",
      "hyperparameters": {
        "lambda": 0.7,
        "trim_percentage": 10,
        "drop_probability": null,
        "density": 0.9,
        "b_weight_alpha": null,
        "normalise_a_factors": null,
        "scale_aware_ties": null
      },
      "average_primary_score": {
        "mean": 0.38401724175520285,
        "std": 0.024980067002439155,
        "values": [
          0.4128333260345986,
          0.37071767268618505,
          0.3685007265448251
        ]
      },
      "tasks": {
        "sst2": {
          "metric": "accuracy",
          "mean": 0.5493119266055045,
          "std": 0.09534224628819506,
          "values": [
            0.6594036697247706,
            0.49426605504587157,
            0.49426605504587157
          ]
        },
        "mnli": {
          "metric": "accuracy",
          "mean": 0.3491594498217015,
          "std": 0.029883546244964233,
          "values": [
            0.38308711156393277,
            0.33764645950076416,
            0.32674477840040755
          ]
        },
        "qnli": {
          "metric": "accuracy",
          "mean": 0.49453902007444017,
          "std": 0.00010568373955511203,
          "values": [
            0.4946000366099213,
            0.4946000366099213,
            0.49441698700347797
          ]
        },
        "cola": {
          "metric": "matthews_correlation",
          "mean": 0.0,
          "std": 0.0,
          "values": [
            0.0,
            0.0,
            0.0
          ]
        },
        "rte": {
          "metric": "accuracy",
          "mean": 0.5270758122743683,
          "std": 0.0,
          "values": [
            0.5270758122743683,
            0.5270758122743683,
            0.5270758122743683
          ]
        }
      }
    },
    "lr_knots": {
      "display_name": "LR-KnOTS + TIES",
      "selected_method_key": "lr_knots",
      "hyperparameters": {
        "lambda": 0.5,
        "trim_percentage": 10,
        "drop_probability": null,
        "density": 0.9,
        "b_weight_alpha": null,
        "normalise_a_factors": null,
        "scale_aware_ties": null
      },
      "average_primary_score": {
        "mean": 0.36861225464651054,
        "std": 0.00203544580241115,
        "values": [
          0.36985035055226545,
          0.3697233449859866,
          0.3662630684012796
        ]
      },
      "tasks": {
        "sst2": {
          "metric": "accuracy",
          "mean": 0.48891437308868496,
          "std": 0.006520918237474002,
          "values": [
            0.4908256880733945,
            0.49426605504587157,
            0.481651376146789
          ]
        },
        "mnli": {
          "metric": "accuracy",
          "mean": 0.3326541008660214,
          "std": 0.004384602097065729,
          "values": [
            0.3369332654100866,
            0.33285787060621497,
            0.3281711665817626
          ]
        },
        "qnli": {
          "metric": "accuracy",
          "mean": 0.49441698700347797,
          "std": 0.0,
          "values": [
            0.49441698700347797,
            0.49441698700347797,
            0.49441698700347797
          ]
        },
        "cola": {
          "metric": "matthews_correlation",
          "mean": 0.0,
          "std": 0.0,
          "values": [
            0.0,
            0.0,
            0.0
          ]
        },
        "rte": {
          "metric": "accuracy",
          "mean": 0.5270758122743683,
          "std": 0.0,
          "values": [
            0.5270758122743683,
            0.5270758122743683,
            0.5270758122743683
          ]
        }
      }
    },
    "gpa_dgpa_saties_wb_0p5": {
      "display_name": "dGPA + saTIES + wB(0.5)",
      "selected_method_key": "gpa_dgpa_saties_wb_0p5",
      "hyperparameters": {
        "lambda": 0.25,
        "trim_percentage": 20,
        "drop_probability": null,
        "density": 0.8,
        "b_weight_alpha": 0.5,
        "normalise_a_factors": true,
        "scale_aware_ties": true,
        "lambda_override_applied": true
      },
      "average_primary_score": {
        "mean": 0.3706049217400343,
        "std": 0.002204652543882202,
        "values": [
          0.36960061578008097,
          0.3731329128165399,
          0.369081236623482
        ]
      },
      "tasks": {
        "sst2": {
          "metric": "accuracy",
          "mean": 0.49694189602446476,
          "std": 0.010655473902726541,
          "values": [
            0.4896788990825688,
            0.5091743119266054,
            0.4919724770642202
          ]
        },
        "mnli": {
          "metric": "accuracy",
          "mean": 0.33458991339786043,
          "std": 0.002470576801422727,
          "values": [
            0.3368313805399898,
            0.33499745287824756,
            0.3319409067753439
          ]
        },
        "qnli": {
          "metric": "accuracy",
          "mean": 0.49441698700347797,
          "std": 0.0,
          "values": [
            0.49441698700347797,
            0.49441698700347797,
            0.49441698700347797
          ]
        },
        "cola": {
          "metric": "matthews_correlation",
          "mean": 0.0,
          "std": 0.0,
          "values": [
            0.0,
            0.0,
            0.0
          ]
        },
        "rte": {
          "metric": "accuracy",
          "mean": 0.5270758122743683,
          "std": 0.0,
          "values": [
            0.5270758122743683,
            0.5270758122743683,
            0.5270758122743683
          ]
        }
      }
    }
  },