{
  "step": "week3_step3_3_seed_variance",
  "source_summary": "/home/md2503/av735/LoRA_Merging/results/statistical_significance_restored_heads/summary.json",
  "tasks": [
    "sst2",
    "mnli",
    "qnli",
    "cola",
    "rte"
  ],
  "seeds": [
    42,
    43,
    44
  ],
  "method_aliases": [
    "gpa_dgpa_saties_wb_0p5"
  ],
  "lambda_overrides": {},
  "methods": {
    "gpa_dgpa_saties_wb_0p5": {
      "display_name": "dGPA + saTIES + wB(0.5)",
      "selected_method_key": "gpa_dgpa_saties_wb_0p5",
      "hyperparameters": {
        "lambda": 1.0,
        "trim_percentage": 30,
        "drop_probability": null,
        "density": 0.7,
        "b_weight_alpha": 0.5,
        "normalise_a_factors": true,
        "scale_aware_ties": true
      },
      "average_primary_score": {
        "mean": 0.4455725985669101,
        "std": 0.0590891867303559,
        "values": [
          0.41556159914632157,
          0.4075117537282538,
          0.5136444428261551
        ]
      },
      "tasks": {
        "sst2": {
          "metric": "accuracy",
          "mean": 0.676605504587156,
          "std": 0.1727773773854199,
          "values": [
            0.6158256880733946,
            0.5424311926605505,
            0.8715596330275229
          ]
        },
        "mnli": {
          "metric": "accuracy",
          "mean": 0.35666496858549834,
          "std": 0.041190017164447,
          "values": [
            0.40254712175241975,
            0.3228731533367295,
            0.3445746306673459
          ]
        },
        "qnli": {
          "metric": "accuracy",
          "mean": 0.5406675208981634,
          "std": 0.031204634154413755,
          "values": [
            0.5528098114589054,
            0.5052169137836353,
            0.5639758374519495
          ]
        },
        "cola": {
          "metric": "matthews_correlation",
          "mean": 0.12925592535819755,
          "std": 0.11848177072348935,
          "values": [
            0.04453151163100391,
            0.07858985543075096,
            0.2646464090128378
          ]
        },
        "rte": {
          "metric": "accuracy",
          "mean": 0.5246690734055356,
          "std": 0.06318549021817126,
          "values": [
            0.4620938628158845,
            0.5884476534296029,
            0.5234657039711191
          ]
        }
      }
    }
  },
  "comparisons": {}
}